timestamp,returns,returns_predicted_1,returns_predicted_2
2025-03-01 01:00:00,0.0094793328401596,,
2025-03-01 02:00:00,0.0069568380258155,,
2025-03-01 03:00:00,0.00023589104749,,
2025-03-01 04:00:00,0.0114170738791792,,
2025-03-01 05:00:00,-0.0070699618558272,,
2025-03-01 06:00:00,-0.0067931050029853,,
2025-03-01 07:00:00,-0.003430167314387,,
2025-03-01 08:00:00,0.0066048313775826,,
2025-03-01 09:00:00,0.0004523399247511,,
2025-03-01 10:00:00,-0.0062452004105294,,
2025-03-01 11:00:00,-0.0023570711212258,,
2025-03-01 12:00:00,0.0019318013269278,,
2025-03-01 13:00:00,-0.0035117782098853,,
2025-03-01 14:00:00,0.0024563997144637,,
2025-03-01 15:00:00,0.0010950354578516,,
2025-03-01 16:00:00,0.0049660985906574,,
2025-03-01 17:00:00,1.733493927624785e-05,,
2025-03-01 18:00:00,0.0010492500934373,,
2025-03-01 19:00:00,0.0018296819862448,,
2025-03-01 20:00:00,0.0003316129274169,,
2025-03-01 21:00:00,0.0059979552134514,,
2025-03-01 22:00:00,0.0013191057126682,,
2025-03-01 23:00:00,-0.0004622359659697,,
2025-03-02 00:00:00,-0.0006005581177088,,
2025-03-02 01:00:00,0.0036886469101142,,
2025-03-02 02:00:00,-0.0073471943792536,,
2025-03-02 03:00:00,0.0024004393981382,,
2025-03-02 04:00:00,-0.0022837036190648,,
2025-03-02 05:00:00,0.002570955443307,,
2025-03-02 06:00:00,0.003922849029019,,
2025-03-02 07:00:00,-0.000414822432626,,
2025-03-02 08:00:00,-0.0052724884875029,,
2025-03-02 09:00:00,0.0025493583417846,,
2025-03-02 10:00:00,-0.0001538575626126,,
2025-03-02 11:00:00,0.0015735333722777,,
2025-03-02 12:00:00,-0.0017729796521612,,
2025-03-02 13:00:00,-0.0037977171514376,,
2025-03-02 14:00:00,-0.0064296451393649,,
2025-03-02 15:00:00,0.0290940943846247,,
2025-03-02 16:00:00,0.0454941447028502,,
2025-03-02 17:00:00,0.0272900980525145,,
2025-03-02 18:00:00,-0.01154224642018,,
2025-03-02 19:00:00,0.0064232215562922,,
2025-03-02 20:00:00,0.0095870819439933,,
2025-03-02 21:00:00,-0.002753024123319,,
2025-03-02 22:00:00,0.0030656178623411,,
2025-03-02 23:00:00,-0.0037259118496155,,
2025-03-03 00:00:00,-0.0077302608228259,,
2025-03-03 00:00:00,-0.0077302608228259,0.0025541309732943773,0.0018447721377015114
2025-03-03 01:00:00,-0.0030258113936277,0.0025841102469712496,0.0015820583794265985
2025-03-03 02:00:00,0.0019745131948374,0.002024975838139653,0.0015132245607674122
2025-03-03 03:00:00,-0.0061494099650477,0.002268779557198286,0.0015589441172778606
2025-03-03 04:00:00,0.0012956944244517,0.0025290707126259804,0.001365543925203383
2025-03-03 05:00:00,0.0044480914037459,0.0024310266599059105,0.0016820289893075824
2025-03-03 06:00:00,-0.0197864479779192,0.002606960479170084,0.0014519881224259734
2025-03-03 07:00:00,0.0110340218308999,0.0023862654343247414,0.0016680886037647724
2025-03-03 08:00:00,-0.0114117145398866,0.002243893453851342,0.0010486328974366188
2025-03-03 09:00:00,0.0058907817771254,0.0022208960726857185,0.0018423445289954543
2025-03-03 10:00:00,0.0066854129873399,0.002560843713581562,0.001982596004381776
2025-03-03 11:00:00,0.0018773300862544,0.0024348769802600145,0.0018032020889222622
2025-03-03 12:00:00,0.0032868856743482,0.0025396947748959064,0.0017801958601921797
2025-03-03 13:00:00,0.0051486647428604,0.0027669360861182213,0.002034829230979085
2025-03-03 14:00:00,-0.0405843246552019,0.0019380650483071804,0.0012239021016284823
2025-03-03 15:00:00,0.0043260899551706,0.0016952449223026633,0.0012620326597243547
2025-03-03 16:00:00,0.0011612178905988,0.002227470278739929,0.0012639404740184546
2025-03-03 17:00:00,0.0009778828956634,0.0017942856065928936,0.0012158637400716543
2025-03-03 18:00:00,-0.0339432983755332,0.0018349557649344206,0.0005637398571707308
2025-03-03 19:00:00,-0.0174157919622427,0.0013098932104185224,4.963683750247583e-05
2025-03-03 20:00:00,0.0031851214823501,0.0010605007410049438,2.379340003244579e-05
2025-03-03 21:00:00,-0.0095947595355042,0.0007975195767357945,-0.00015676007024012506
2025-03-03 22:00:00,0.0188449213530426,0.001075102249160409,-0.0001511971786385402
2025-03-03 23:00:00,-0.0079898878966776,0.000869604351464659,0.0004812861152458936
2025-03-04 00:00:00,0.0001082642202827,0.0006511510582640767,2.9028451535850763e-05
2025-03-04 01:00:00,-0.031940299835814,-0.00020332905114628375,-0.0005830438458360732
2025-03-04 02:00:00,0.0083642999744173,0.0006281661335378885,-0.00032628493499942124
2025-03-04 03:00:00,0.0006738458587134,0.0003567507374100387,-3.979005850851536e-05
2025-03-04 04:00:00,-0.0058740281696006,9.434620733372867e-05,-0.000625776534434408
2025-03-04 05:00:00,0.008376001408797,0.00020277558360248804,-0.0005796988261863589
2025-03-04 06:00:00,-0.0049051349916076,-3.544043283909559e-05,-0.0005438062362372875
2025-03-04 07:00:00,-0.0085622003292795,-0.0001814669813029468,-0.0004191491170786321
2025-03-04 08:00:00,0.0087830761344387,-3.12289921566844e-05,-0.00031901898910291493
2025-03-04 09:00:00,-0.0014794454372023,-0.0001611139450687915,-0.0004378504236228764
2025-03-04 10:00:00,0.0023687907202982,0.000143795448821038,-0.00016229503671638668
2025-03-04 11:00:00,0.0001073501422739,0.00042177425348199904,-0.0007778080180287361
2025-03-04 12:00:00,-0.0017375264471466,0.0005321657517924905,-0.0001425307709723711
2025-03-04 13:00:00,-0.0132055797967051,-0.00013924602535553277,-0.0006494129775092006
2025-03-04 14:00:00,0.0121137588186257,0.0002948098408523947,-0.0001917023182613775
2025-03-04 15:00:00,-0.0108063591425279,-0.000443549535702914,-0.0012326370924711227
2025-03-04 16:00:00,0.0102438311600046,-0.0013912880094721913,-0.0020730914548039436
2025-03-04 17:00:00,0.0200134362260462,-0.0018953141989186406,-0.0010668474715203047
2025-03-04 18:00:00,0.0181317409941299,-3.734871279448271e-05,-0.0017029439331963658
2025-03-04 19:00:00,0.0158106422587567,-0.00041964091360569,-0.001628572354093194
2025-03-04 20:00:00,-0.0168716116279623,-0.0008175272378139198,-0.0017646944615989923
2025-03-04 21:00:00,0.0080437615801824,-0.0011935335351154208,-0.0018446637550368905
2025-03-04 22:00:00,0.00083858652724,-0.0010236790403723717,-0.0020238645374774933
2025-03-04 23:00:00,-0.0026383117876412,-0.001120608882047236,-0.001846637693233788
2025-03-05 00:00:00,-0.0057821250858633,-0.0005706639494746923,-0.001614440232515335
2025-03-05 01:00:00,0.0097296332491738,-0.00020087137818336487,-0.0010577745269984007
2025-03-05 02:00:00,-0.0011052084016173,-0.00012196716852486134,-0.0012217722833156586
2025-03-05 03:00:00,-0.0039147415801805,0.0002111953217536211,-0.001451915712095797
2025-03-05 04:00:00,-0.0032830387030339,0.00013491744175553322,-0.0014670307282358408
2025-03-05 05:00:00,0.0029280088262946,0.0001738059800118208,-0.001601371681317687
2025-03-05 06:00:00,0.0041806625861051,-0.00047467462718486786,-0.0011180613655596972
2025-03-05 07:00:00,0.0017860135874905,-0.00031734490767121315,-0.0014446985442191362
2025-03-05 08:00:00,0.0006723605014633,0.0002981451107189059,-0.0009717588545754552
2025-03-05 09:00:00,0.0087516491515804,0.0005286061204969883,-0.0011442597024142742
2025-03-05 10:00:00,0.0172182816421953,0.0005528131732717156,-0.0003835521638393402
2025-03-05 11:00:00,-0.0025671335547499,-2.099608536809683e-06,-0.0007311690715141594
2025-03-05 12:00:00,0.0063715138812021,0.00014824856771156192,-0.0007976643973961473
2025-03-05 13:00:00,-0.0094306033356629,0.0004603927955031395,-0.0011117414105683565
2025-03-05 14:00:00,-0.0115497991453155,0.000649070309009403,-0.00021449803898576647
2025-03-05 15:00:00,-0.0005607785361992,0.000602660933509469,-0.0006156120216473937
2025-03-05 16:00:00,0.0070837020414018,0.0001736292615532875,-0.0004126542480662465
2025-03-05 17:00:00,0.007961693170835,0.0007958870264701545,-0.0001895080495160073
2025-03-05 18:00:00,-0.0001075194488318,0.0015344107523560524,0.0007279267301782966
2025-03-05 19:00:00,0.0008834956790382,0.001482095685787499,0.0010239981347694993
2025-03-05 20:00:00,0.0054922895683644,0.0020511492621153593,0.0008925523143261671
2025-03-05 21:00:00,0.0009534240251261,0.0020305945072323084,0.0010975660989060998
2025-03-05 22:00:00,0.0013013683296769,0.0017104235012084246,0.0009107841760851443
2025-03-05 23:00:00,0.0009578384479771,0.0014577112160623074,0.0008182035526260734
2025-03-06 00:00:00,-0.0063532333584551,0.0016211820766329765,0.0011416816851124167
2025-03-06 01:00:00,0.0119318574353202,0.0023773619905114174,0.001966912532225251
2025-03-06 02:00:00,0.0081424124097793,0.0019427891820669174,0.0016175227938219905
2025-03-06 03:00:00,-0.002797199584559,0.0022364396136254072,0.0017917241202667356
2025-03-06 04:00:00,0.0079156228828745,0.0026926235295832157,0.001833456102758646
2025-03-06 05:00:00,0.0053368166113221,0.0026993248611688614,0.0020107098389416933
2025-03-06 06:00:00,-0.009304963817678,0.0024321600794792175,0.0019124557729810476
2025-03-06 07:00:00,-0.0062993915367207,0.002453748369589448,0.002019640989601612
2025-03-06 08:00:00,-0.0009225517506032,0.002128860680386424,0.0016887953970581293
2025-03-06 09:00:00,-0.0058546718300341,0.002423122525215149,0.001774342730641365
2025-03-06 10:00:00,0.0063489649748234,0.00257866526953876,0.0019350377842783928
2025-03-06 11:00:00,0.0004409982200921,0.0025129509158432484,0.0018527461215853691
2025-03-06 12:00:00,-0.0123943362267534,0.0022833957336843014,0.0015529667725786567
2025-03-06 13:00:00,-0.0051967731493212,0.00252156937494874,0.0018174446886405349
2025-03-06 14:00:00,-0.0007630132940158,0.002015105215832591,0.0014689998934045434
2025-03-06 15:00:00,0.012526545086049,0.0027242740616202354,0.0019788804929703474
2025-03-06 16:00:00,-0.0155862345127341,0.001819597790017724,0.0013746566837653518
2025-03-06 17:00:00,-0.0077479486019937,0.001348996302112937,0.0008642020402476192
2025-03-06 18:00:00,-0.0033047125163486,0.001229521818459034,0.0005319206975400448
2025-03-06 19:00:00,0.0028380762309767,0.0009130357066169381,4.688603803515434e-05
2025-03-06 20:00:00,0.0056548891653356,0.0013224827125668526,0.00035006055259145796
2025-03-06 21:00:00,0.004307908125418,0.0011176038533449173,0.0004829982644878328
2025-03-06 22:00:00,0.0093459289465431,0.0012546643847599626,0.0007916005561128259
2025-03-06 23:00:00,-0.0043565622518123,0.0014231472741812468,0.0007158902008086443
2025-03-07 00:00:00,-0.0491524337660885,0.0004509518330451101,-0.00037885535857640207
2025-03-07 01:00:00,0.0294815695902326,0.0010383370099589229,9.547453373670578e-05
2025-03-07 02:00:00,-0.0082396004459476,0.0008851006277836859,0.00011997819819953293
2025-03-07 03:00:00,-0.0035221118253735,0.0004127529391553253,5.77294995309785e-05
2025-03-07 04:00:00,0.0078265470379506,0.0010012555867433548,-3.0936207622289658e-06
2025-03-07 05:00:00,0.0053381026950467,0.0014064466813579202,0.00022645808348897845
2025-03-07 06:00:00,-9.85929728634094e-05,0.0010644663125276566,0.00038440467324107885
2025-03-07 07:00:00,0.0014109133072353,0.0011013767216354609,0.0003575243172235787
2025-03-07 08:00:00,0.0010099392674047,0.0009713504114188254,0.0003672977036330849
2025-03-07 09:00:00,0.0064075631551774,0.0013240660773590207,0.00025199283845722675
2025-03-07 10:00:00,0.0027630131385385,0.00047958086361177266,0.00017904303967952728
2025-03-07 11:00:00,-0.003001130043247,0.00042815873166546226,-0.00010776569251902401
2025-03-07 12:00:00,0.0018883135194218,0.0004922671942040324,-6.610523269046098e-05
2025-03-07 13:00:00,0.0023067157858929,0.0008556785178370774,-4.893327786703594e-05
2025-03-07 14:00:00,0.0128158399366162,0.0012856327230110765,0.0004634727956727147
2025-03-07 15:00:00,-0.0222892319076224,0.00071856559952721,0.000271162687567994
2025-03-07 16:00:00,-0.0160284427170744,0.00018695031758397818,-0.00044176005758345127
2025-03-07 17:00:00,0.0051496731194156,0.0004051172873005271,-0.0003568455867934972
2025-03-07 18:00:00,0.0119631251737644,0.0008852980681695044,-0.0005485435831360519
2025-03-07 19:00:00,-0.0078080590020683,0.00037964616785757244,-0.0004325828922446817
2025-03-07 20:00:00,-0.0086307309347616,3.3143325708806515e-05,-0.0008132088114507496
2025-03-07 21:00:00,-0.0081040038652874,-0.00033317849738523364,-0.0007159500964917243
2025-03-07 22:00:00,0.0044911670548608,0.00036612956319004297,-0.000982719473540783
2025-03-07 23:00:00,-0.0001152666852354,0.0002811937010847032,-0.0012663856614381075
2025-03-08 00:00:00,7.475185760608127e-05,0.000689081265591085,-0.0006794037763029337
2025-03-08 01:00:00,-0.0084520920985717,-0.00011926447041332722,-0.0013233490753918886
2025-03-08 02:00:00,0.0018719609924418,3.354193177074194e-05,-0.0010701018618419766
2025-03-08 03:00:00,-0.0023868211284753,-7.86507735028863e-05,-0.0010376616846770048
2025-03-08 04:00:00,0.005331468184254,-0.00028405035845935345,-0.0013869713293388486
2025-03-08 05:00:00,-0.0019922569439296,-0.00035697687417268753,-0.0012303298572078347
2025-03-08 06:00:00,0.0020790141297788,-0.0004336554557085037,-0.0011491671903058887
2025-03-08 07:00:00,-0.0032506507899409,-0.0009235377656295896,-0.0009443723829463124
2025-03-08 08:00:00,-0.0011997337753484,-0.0006073579424992204,-0.0010676467791199684
2025-03-08 09:00:00,-0.0019905494746323,-0.000252871832344681,-0.0008309487020596862
2025-03-08 10:00:00,0.0026722160754499,-0.0004954725736752152,-0.0012348319869488478
2025-03-08 11:00:00,-0.0023816740650192,-0.0006889041978865862,-0.0010333230020478368
2025-03-08 12:00:00,0.0034096178450702,-0.00032128416933119297,-0.0009448005584999919
2025-03-08 13:00:00,0.0011755760059599,-0.0004982985556125641,-0.0005900292890146375
2025-03-08 14:00:00,0.0002037710590963,-0.0003787614405155182,-0.0005045305006206036
2025-03-08 15:00:00,0.0004374166550666,1.586880534887314e-05,-0.000986050465144217
2025-03-08 16:00:00,-0.0031978157727731,-0.0004924947279505432,-0.00039048853795975447
2025-03-08 17:00:00,-0.0019003585532516,-0.0001281414006371051,-0.00035423762165009975
2025-03-08 18:00:00,0.0010894286232845,-1.947453711181879e-05,-0.0004036195750813931
2025-03-08 19:00:00,0.0022358894222973,7.860158802941442e-05,-0.0005279978504404426
2025-03-08 20:00:00,0.0007227591182066,0.0002746119862422347,-0.0007026744424365461
2025-03-08 21:00:00,-0.0007191579847275,-0.0004162440891377628,-0.0007159278611652553
2025-03-08 22:00:00,-0.0001547016944412,1.016072928905487e-05,-0.0009119767928496003
2025-03-08 23:00:00,-0.000569049507851,-0.00045172919635660946,-0.0009376274538226426
2025-03-09 00:00:00,0.0031958559621061,0.0008230904350057244,0.00045203673653304577
2025-03-09 01:00:00,-0.0030392196569835,0.00011787476250901818,-0.0004141730605624616
2025-03-09 02:00:00,-0.0018464288441166,0.00046318041859194636,-0.0005712358979508281
2025-03-09 03:00:00,0.0015964697242185,0.00025610136799514294,-0.00028206343995407224
2025-03-09 04:00:00,-0.0008823594771331,4.215538501739502e-05,-0.0003279974334873259
2025-03-09 05:00:00,-0.0005584980904212,0.00010118680074810982,-0.0006688185385428369
2025-03-09 06:00:00,-0.0015901383445793,2.6743917260318995e-05,-0.0005924983997829258
2025-03-09 07:00:00,0.0010971106205748,0.0001313935499638319,-0.0007126661948859692
2025-03-09 08:00:00,-0.001905457257941,-8.534063817933202e-05,-0.00056508305715397
2025-03-09 09:00:00,-0.003462721476913,-0.0002570923534221947,-0.000863409775774926
2025-03-09 10:00:00,-0.0076086413274929,-0.0007507355185225606,-0.0011495458893477917
2025-03-09 11:00:00,0.0019644820684503,-0.00046080522588454187,-0.0009269992006011307
2025-03-09 12:00:00,-0.0056935193798905,-0.0003621671930886805,-0.0011381950462237
2025-03-09 13:00:00,-0.008860188509812,-0.0006642740336246789,-0.001507152570411563
2025-03-09 14:00:00,-0.0023072499864567,-0.0013678211253136396,-0.0017304887296631932
2025-03-09 15:00:00,-0.0064915948794708,-0.0009454786777496338,-0.0015122864861041307
2025-03-09 16:00:00,-0.006224905775104,-0.0006060023442842066,-0.0011019957019016147
2025-03-09 17:00:00,-0.0029812084008077,-0.000879454193636775,-0.0014532037312164903
2025-03-09 18:00:00,0.0049660054535203,-0.0010980569059029222,-0.0016023243078961968
2025-03-09 19:00:00,-0.0016458642724074,-0.0008400995284318924,-0.0013776421546936035
2025-03-09 20:00:00,0.0059164083529192,-0.0007224257569760084,-0.001188740599900484
2025-03-09 21:00:00,-0.0149256539392321,-0.0009000655263662338,-0.001206939690746367
2025-03-09 22:00:00,-0.0153791780480752,-0.0012210770510137081,-0.001593173947185278
2025-03-09 23:00:00,0.0011710154946666,-0.0011454906780272722,-0.0016198514495044947
2025-03-10 00:00:00,0.0075881668732162,-0.0007666148012503982,-0.0013897232711315155
2025-03-10 01:00:00,0.0058883115789327,-0.0009522479958832264,-0.001296543050557375
2025-03-10 02:00:00,0.0052881955207233,-0.0007956626359373331,-0.0011446370044723153
2025-03-10 03:00:00,-0.0018387124316128,-0.0004319394938647747,-0.000995998620055616
2025-03-10 04:00:00,0.0073795427032465,-0.0005418559303507209,-0.0010452118003740907
2025-03-10 05:00:00,-0.0038362982728525,-0.0007890551351010799,-0.0009447056800127029
2025-03-10 06:00:00,0.0006345365576585,-0.0006239053909666836,-0.0011102637508884072
2025-03-10 07:00:00,-0.0005321604681038,-0.0005742838839069009,-0.0010758531279861927
2025-03-10 08:00:00,-0.0119742912209506,-0.0010499490890651941,-0.0012522877659648657
2025-03-10 09:00:00,0.0127884706456904,-0.0003315657377243042,-0.0008751345449127257
2025-03-10 10:00:00,-0.0006595665412915,-0.00046349543845281005,-0.0011160888243466616
2025-03-10 11:00:00,0.0157958166474221,-0.0001979454536922276,-0.00038753176340833306
2025-03-10 12:00:00,-0.0035986965610005,-0.00015209621051326394,-0.0007279756828211248
2025-03-10 13:00:00,-0.0209898531992128,-0.0005292252171784639,-0.0012891532387584448
2025-03-10 14:00:00,-0.0241856471687358,-0.0010058232583105564,-0.001758013153448701
2025-03-10 15:00:00,0.0060066359118793,-0.0011405905243009329,-0.0016452646814286709
2025-03-10 16:00:00,-0.0115861948382949,-0.0013976874761283398,-0.001939490670338273
2025-03-10 17:00:00,-0.007681573758685,-0.0017601187573745847,-0.0020288806408643723
2025-03-10 18:00:00,-0.0127359990704826,-0.0015935387928038836,-0.0021430007182061672
2025-03-10 19:00:00,0.0177389289132954,-0.0013872315175831318,-0.0022263682913035154
2025-03-10 20:00:00,0.0057465187539291,-0.0013140791561454535,-0.0016474787844344974
2025-03-10 21:00:00,0.0026447560208386,-0.0010969361755996943,-0.001907439436763525
2025-03-10 22:00:00,-0.000894314051599,-0.000946961750742048,-0.0015551785472780466
2025-03-10 23:00:00,-0.0104985568992264,-0.001209622249007225,-0.001771970884874463
2025-03-11 00:00:00,-0.0152595249383435,-0.0014866803539916873,-0.002266912953928113
2025-03-11 01:00:00,0.0195928582276994,-0.0012308114673942327,-0.0018872368382290006
2025-03-11 02:00:00,0.0045273368177565,-0.0009307331056334078,-0.0016954258317127824
2025-03-11 03:00:00,0.0013703351053722,-0.001090101432055235,-0.0016591714229434729
2025-03-11 04:00:00,0.0036578793326573,-0.0012153326533734798,-0.0014452198520302773
2025-03-11 05:00:00,0.0059060292482815,-0.0010583156254142523,-0.001703825080767274
2025-03-11 06:00:00,-0.0008425770722808,-0.0007417622255161405,-0.001637803390622139
2025-03-11 07:00:00,0.003462928244325,-0.0008309708209708333,-0.00156442541629076
2025-03-11 08:00:00,0.0086313786503136,-0.00016797147691249847,-0.0013266927562654018
2025-03-11 09:00:00,0.0046426686142022,-0.00048724273801781237,-0.001418274245224893
2025-03-11 10:00:00,0.0035284388953875,-0.00022983417147770524,-0.0006954147247597575
2025-03-11 11:00:00,-0.0010806217166753,0.0002509145997464657,-0.0008902231347747147
2025-03-11 12:00:00,-0.0051491211024166,0.00021050404757261276,-0.0007031615823507309
2025-03-11 13:00:00,-0.0029749416820878,9.00827581062913e-06,-0.0006712278118357062
2025-03-11 14:00:00,-0.0159053099490982,-0.0004466462996788323,-0.0007912645232863724
2025-03-11 15:00:00,0.0193613661872036,-1.3649085303768516e-05,-0.00037039100425317883
2025-03-11 16:00:00,0.0003658959592571,0.0002578364801593125,-0.00043122153147123754
2025-03-11 17:00:00,-0.0006442870588035,0.000559692969545722,-0.00031290831975638866
2025-03-11 18:00:00,0.0237311254374046,0.0008736441377550364,0.00019359757425263524
2025-03-11 19:00:00,-0.0023421985845574,0.0010255161905661225,0.00027792499167844653
2025-03-11 20:00:00,-0.0017928948950548,0.00037055707070976496,-0.00023621447326149791
2025-03-11 21:00:00,0.0023827499015989,0.0009659429779276252,6.552354898303747e-05
2025-03-11 22:00:00,0.0018644714840945,0.0014170485083013773,0.0010419364552944899
2025-03-11 23:00:00,-0.0044034348200093,0.0010854726424440742,0.000530945835635066
2025-03-12 00:00:00,-0.0011701685582207,0.0007987481076270342,0.00038031121948733926
2025-03-12 01:00:00,0.0065481378830272,0.0007880068733356893,0.0003445996262598783
2025-03-12 02:00:00,-0.0108067911193632,0.000577731872908771,0.00011805610847659409
2025-03-12 03:00:00,-0.0029573742264797,0.00041998352389782667,0.00011551765783224255
2025-03-12 04:00:00,-0.0045546096113449,0.00037806585896760225,-0.00047496959450654685
2025-03-12 05:00:00,0.0025826959087456,0.00011104031000286341,-0.00024763011606410146
2025-03-12 06:00:00,-0.0062585001596385,9.118940215557814e-05,-0.000209127101697959
2025-03-12 07:00:00,0.0115778759373816,0.0009471546509303153,-0.00015171294216997921
2025-03-12 08:00:00,0.0032057824491731,0.0011502366978675127,0.00019985951075796038
2025-03-12 09:00:00,-0.0004083613040192,0.0008526105666533113,0.00033082556910812855
2025-03-12 10:00:00,-0.0020722331815415,0.0005729531985707581,-0.00017012280295602977
2025-03-12 11:00:00,0.0064387024367515,0.0002067290188279003,-0.00023237333516590297
2025-03-12 12:00:00,0.0119168358430046,0.0006322090630419552,-0.00011558983533177525
2025-03-12 13:00:00,-0.0160052005506049,0.0009590928093530238,0.00016529559798073024
2025-03-12 14:00:00,-0.0127570755544202,0.0013623563572764397,0.0003391725476831198
2025-03-12 15:00:00,0.0013181530114696,0.0005866110441274941,7.407210068777204e-05
2025-03-12 16:00:00,0.0042679096175197,0.0011824948014691472,0.0006531635299324989
2025-03-12 17:00:00,-0.002029514426865,0.0016022131312638521,0.0009592734859324992
2025-03-12 18:00:00,0.0078315054540569,0.0017667915672063828,0.0011832566233351827
2025-03-12 19:00:00,0.0065619533954175,0.00173426594119519,0.0009441029978916049
2025-03-12 20:00:00,0.0006410437301878,0.001384949078783393,0.0006997980526648462
2025-03-12 21:00:00,-0.0015465436601063,0.0013915792806074023,0.0007717846310697496
2025-03-12 22:00:00,0.0081196912327425,0.0017338881734758615,0.0008458612719550729
2025-03-12 23:00:00,0.0011106020281095,0.001904577249661088,0.001285916194319725
2025-03-13 00:00:00,-0.0033779251796569,0.0022544902749359608,0.001418869593180716
2025-03-13 01:00:00,0.0058259608281567,0.0018982862820848823,0.0012486648047342896
2025-03-13 02:00:00,-0.0020732150719143,0.0013831729302182794,0.0009514634730294347
2025-03-13 03:00:00,-0.002430117227348,0.0014654631959274411,0.0010119311045855284
2025-03-13 04:00:00,-0.0036125965337769,0.001488982466980815,0.0009333204943686724
2025-03-13 05:00:00,-0.0014147198983135,0.001020842231810093,0.0006826339522376657
2025-03-13 06:00:00,0.0017033761610767,0.0014034078922122717,0.0006273913895711303
2025-03-13 07:00:00,-0.001404091543392,0.0013255443191155791,0.0007885383092798293
2025-03-13 08:00:00,-0.0018853679740855,0.0011331118876114488,0.0005469668540172279
2025-03-13 09:00:00,0.0045672885776379,0.0011336570605635643,0.00048343377420678735
2025-03-13 10:00:00,-0.0031372743716974,0.0008984814048744738,0.0002739554620347917
2025-03-13 11:00:00,-0.0036198167228748,0.0007555250776931643,0.00035300696617923677
2025-03-13 12:00:00,-0.0047471616528553,0.000762573501560837,0.0002287780516780913
2025-03-13 13:00:00,-0.0087119651074122,0.0007820520550012589,0.00027634395519271493
2025-03-13 14:00:00,0.0028925790086844,0.0010742743033915758,0.0004318361752666533
2025-03-13 15:00:00,-0.0110147909202847,0.00012765120482072234,3.556946830940433e-05
2025-03-13 16:00:00,-0.0036827721324861,0.00011995514796581119,-0.0001265520986635238
2025-03-13 17:00:00,-0.0097144377835155,-7.693161023780704e-06,-0.00020583868899848312
2025-03-13 18:00:00,0.0101537807799667,-0.00010090309660881758,-0.0006975673604756594
2025-03-13 19:00:00,-0.006649409012874,-0.0004580285167321563,-0.0006903270841576159
2025-03-13 20:00:00,0.0010129322387759,-0.000432724627899006,-0.0009029810316860676
2025-03-13 21:00:00,0.0050382380346223,-0.00031856881105341017,-0.0007666075835004449
2025-03-13 22:00:00,0.0074301585321754,-1.4115998055785894e-05,-0.0003819279372692108
2025-03-13 23:00:00,-0.0032165499409047,-0.00018233302398584783,-0.0004787295183632523
2025-03-14 00:00:00,0.0062074645486311,6.755194044671953e-05,-0.00035080418456345797
2025-03-14 01:00:00,-0.0001472885781633,-3.2056879717856646e-05,-0.0004230809863656759
2025-03-14 02:00:00,0.0062395192283011,0.00023834107560105622,-4.175007779849693e-05
2025-03-14 03:00:00,-0.002722524132632,3.406055839150213e-05,-0.00010762920283013955
2025-03-14 04:00:00,0.0011243580039876,0.0003346396260894835,7.901817298261449e-05
2025-03-14 05:00:00,0.002286614287335,0.00044981061364524066,0.0002451213076710701
2025-03-14 06:00:00,-0.0014555514610971,0.0006870325305499136,0.00010340796143282205
2025-03-14 07:00:00,0.0028140846551654,0.00034028111258521676,0.00013011689588893205
2025-03-14 08:00:00,0.0041130063161787,0.0004628349852282554,2.484176729922183e-05
2025-03-14 09:00:00,0.0023922483094522,0.000320632680086419,5.326734026311897e-05
2025-03-14 10:00:00,0.0029734765439266,0.0004044500819873065,0.000185738957952708
2025-03-14 11:00:00,0.003249873155485,0.0006650445866398513,0.00024377577938139439
2025-03-14 12:00:00,0.0013552221072001,0.0004079556092619896,-0.00010148054570890963
2025-03-14 13:00:00,0.0020864223780625,0.00041254470124840736,0.0004656467936001718
2025-03-14 14:00:00,-0.0016211701794045,0.0008868848090060055,0.00046707692672498524
2025-03-14 15:00:00,0.0155864081802052,0.0012610842240974307,0.0006266515702009201
2025-03-14 16:00:00,0.0003911471138127,0.0010493414010852575,0.0005247048102319241
2025-03-14 17:00:00,-0.005105961910182,0.0012095521669834852,0.0007278708508238196
2025-03-14 18:00:00,0.0029996994372669,0.0011808512499555945,0.0005240789614617825
2025-03-14 19:00:00,0.0001162640259064,0.0007712312508374453,0.0004308255447540432
2025-03-14 20:00:00,-0.0050213941566343,0.0008247088408097625,0.0001960281515493989
2025-03-14 21:00:00,0.0002282918995908,0.0008434574701823294,0.00016085384413599968
2025-03-14 22:00:00,0.0027817420782698,0.0008447627769783139,0.00012103837798349559
2025-03-14 23:00:00,-0.0054322120775861,0.0007288059568963945,-5.07334407302551e-05
2025-03-15 00:00:00,0.0041346462986613,0.0009273705072700977,-5.814901669509709e-05
2025-03-15 01:00:00,0.0003055442759873,0.0008023790433071554,-0.00010528950951993465
2025-03-15 02:00:00,0.0025456715387235,0.0007842977647669613,9.230244904756546e-05
2025-03-15 03:00:00,-0.0011750047599748,0.0008291120175272226,-3.5084711271338165e-05
2025-03-15 04:00:00,0.0004395149870726,0.000841401400975883,0.00013187639706302434
2025-03-15 05:00:00,-0.0024560238964487,0.0008329093689098954,0.00017434367327950895
2025-03-15 06:00:00,-0.0012943341417284,0.0008172316011041403,0.00015941302990540862
2025-03-15 07:00:00,-0.0041461978307998,0.0005914969951845706,5.079661787021905e-05
2025-03-15 08:00:00,0.0005804430302014,0.0008486739825457335,6.54232717351988e-05
2025-03-15 09:00:00,0.0007048072829838,0.0006850940408185124,4.319024446886033e-05
2025-03-15 10:00:00,-0.0003550404341264,0.0009443077724426985,7.026760431472212e-05
2025-03-15 11:00:00,0.0024912860845474,0.0005940322298556566,7.581544923596084e-05
2025-03-15 12:00:00,0.0001544362103229,0.0009849192574620247,0.0001634986838325858
2025-03-15 13:00:00,0.0038531595063,0.0009727042051963508,0.0006806062301620841
2025-03-15 14:00:00,-0.0037024015755278,0.0008576344698667526,0.0005247198278084397
2025-03-15 15:00:00,0.0023959894286065,0.0009905421175062656,0.0007759675499983132
2025-03-15 16:00:00,-7.585341341753704e-05,0.00111805007327348,0.0010164690902456641
2025-03-15 17:00:00,0.0008037922544363,0.0013612849870696664,0.0011871744645759463
2025-03-15 18:00:00,-0.002368162887552,0.0013022340135648847,0.0006941761239431798
2025-03-15 19:00:00,0.0008407694223024,0.001393898157402873,0.0010278475238010287
2025-03-15 20:00:00,0.0009781734675198,0.0012326191645115614,0.0010105303954333067
2025-03-15 21:00:00,0.0003740151428444,0.0012085589114576578,0.000912412884645164
2025-03-15 22:00:00,-1.693963390214659e-05,0.0009736677748151124,0.000567481154575944
2025-03-15 23:00:00,-0.0007361922982788,0.0010745769832283258,0.000700391479767859
2025-03-16 00:00:00,-0.0007943543131493,0.0009431191137991846,0.0006601224304176867
2025-03-16 01:00:00,-0.004096471505298,0.0011230625677853823,0.0005172346136532724
2025-03-16 02:00:00,0.0005866598648132,0.000625157612375915,0.00041058778879232705
2025-03-16 03:00:00,0.0040842084344638,0.0009418451227247715,0.0005144209717400372
2025-03-16 04:00:00,0.0010379554223998,0.0009437171975150704,0.0005311560234986246
2025-03-16 05:00:00,-0.0003870015966014,0.000781587848905474,0.000457456917501986
2025-03-16 06:00:00,-0.0014392476909811,0.0009177903411909938,0.0004720879951491952
2025-03-16 07:00:00,0.0002377629731276,0.0010444181971251965,0.00049351598136127
2025-03-16 08:00:00,6.4896458165097926e-06,0.0006402195431292057,0.0003877606359310448
2025-03-16 09:00:00,-0.0043094676921106,0.0006659268983639777,0.00020246021449565887
2025-03-16 10:00:00,-0.0025175979997763,0.0004137713694944978,0.00025038153398782015
2025-03-16 11:00:00,-0.0151110430730628,3.448533243499696e-05,-0.00013377168215811253
2025-03-16 12:00:00,0.004314915369769,0.00023649433569516987,-0.0002371172740822658
2025-03-16 13:00:00,-0.0025961150002505,7.4258423410356045e-06,-0.0003529869136400521
2025-03-16 14:00:00,0.0091322878888471,0.00032783683855086565,5.741361383115873e-05
2025-03-16 15:00:00,0.0002538063213057,0.00014333517174236476,-0.00026361882919445634
2025-03-16 16:00:00,0.0022993311036789,-0.0001579272939125076,-0.00037600178620778024
2025-03-16 17:00:00,0.004178212543896,8.826950215734541e-05,-0.00020422268426045775
2025-03-16 18:00:00,-0.002748770736502,9.566998051013798e-05,-0.0002852677716873586
2025-03-16 19:00:00,-0.0071124313271221,-9.32554539758712e-05,-0.0005550175555981696
2025-03-16 20:00:00,0.0010846652116678,-0.0001811462570913136,-0.00046671117888763547
2025-03-16 21:00:00,-0.0049877933559476,1.3170851161703467e-05,-0.0003928820078726858
2025-03-16 22:00:00,-0.0072641966509532,-0.00021039327839389443,-0.0006327230366878211
2025-03-16 23:00:00,0.0056887579402489,4.821247421205044e-05,-0.0003815850359387696
2025-03-17 00:00:00,0.005448883613484,2.611087984405458e-05,-0.00044945982517674565
2025-03-17 01:00:00,0.001981979321004,-8.711896953172982e-05,-0.0003831259091384709
2025-03-17 02:00:00,0.00065218675016,4.679500125348568e-05,-0.00043692399049177766
2025-03-17 03:00:00,0.0051506716888687,0.00018339676898904145,-0.00033506969339214265
2025-03-17 04:00:00,-0.0014097832084963,-0.00010058368934551254,-0.000361251353751868
2025-03-17 05:00:00,-0.0051216046959414,0.00011531799100339413,-0.00029509825981222093
2025-03-17 06:00:00,0.0007503894753437,2.5656248908489943e-05,-0.00032829376868903637
2025-03-17 07:00:00,0.0036554409196649,0.0001863240759121254,-0.00021981647296343
2025-03-17 08:00:00,0.0007416705875089,0.0002675591385923326,-0.0001707837509457022
2025-03-17 09:00:00,0.0006183017890373,3.7427809729706496e-05,-6.51350273983553e-05
2025-03-17 10:00:00,-0.0038174641770027,9.724278061185032e-05,-0.0002955642994493246
2025-03-17 11:00:00,0.0031111903362277,6.856521940790117e-05,-0.00014986773021519184
2025-03-17 12:00:00,-0.0055326500763817,0.00011254262062720954,-0.0003178257029503584
2025-03-17 13:00:00,-0.0010397240186493,5.9466168750077486e-05,-0.0003525499196257442
2025-03-17 14:00:00,-0.001155792621276,1.6189675079658628e-05,-0.00033956882543861866
2025-03-17 15:00:00,0.0073610539595834,0.0002577692794147879,-0.000294232158921659
2025-03-17 16:00:00,-0.0010544090007157,0.00013505297829397023,-0.0002977015683427453
2025-03-17 17:00:00,0.009294959079918,0.00017704573110677302,-2.564146780059673e-05
2025-03-17 18:00:00,0.0034330107936895,0.0004815314314328134,0.0002790203143376857
2025-03-17 19:00:00,-0.0004098641375257,0.00045545995817519724,0.0001599607348907739
2025-03-17 20:00:00,-0.0070401806582985,0.00012356210208963603,-0.00019116525072604418
2025-03-17 21:00:00,0.0022428549103929,0.0004647518217097968,-0.00019886932568624616
2025-03-17 22:00:00,0.0003754040820733,2.6717461878433824e-05,-0.00019379545119591057
2025-03-17 23:00:00,-0.0001579077850116,0.0003265769628342241,-0.00020247242355253547
2025-03-18 00:00:00,-0.0036583721948477,0.0001989216689253226,-0.0001664350857026875
2025-03-18 01:00:00,-0.0083899798390593,0.0002862093097064644,-0.00014725056826137006
2025-03-18 02:00:00,0.0043542292329707,0.00036877108504995704,-0.00012918705760966986
2025-03-18 03:00:00,-0.0038944767842483,0.00021780881797894835,-0.00025482624187134206
2025-03-18 04:00:00,-0.0018638221776416,-0.0001624612632440403,-0.000349550973623991
2025-03-18 05:00:00,0.0001900260433611,0.00035518905497156084,-0.0003977437736466527
2025-03-18 06:00:00,-0.0061681768732909,-0.00018684790120460093,-0.00035875148023478687
2025-03-18 07:00:00,0.0083273186429948,0.00027908565243706107,-0.00023194271489046514
2025-03-18 08:00:00,0.0011054111878774,7.14417255949229e-05,-0.0002053901698673144
2025-03-18 09:00:00,-0.0050040499188749,0.00024211336858570576,-0.00035461955121718347
2025-03-18 10:00:00,-0.0010490031216379,0.00012351547775324434,-0.00035471603041514754
2025-03-18 11:00:00,-0.0018684158969722,0.0005853693000972271,1.3915541785536334e-05
2025-03-18 12:00:00,-0.0025838250941017,0.00028456267318688333,-0.0003077978326473385
2025-03-18 13:00:00,-0.0137765511553674,0.0001449679839424789,-0.00043289604946039617
2025-03-18 14:00:00,0.0068578024836718,5.967123433947563e-05,-0.0005142988520674407
2025-03-18 15:00:00,-0.0029361223853592,-1.6168138245120645e-05,-0.00041920269723050296
2025-03-18 16:00:00,0.0035225723763425,8.363445522263646e-05,-0.0004039567138534039
2025-03-18 17:00:00,-0.0056979064372321,-0.00039463804569095373,-0.000578525650780648
2025-03-18 18:00:00,0.0054147169362472,-6.898218998685479e-06,-0.000539418077096343
2025-03-18 19:00:00,0.0074300483127398,-3.64946317858994e-05,-0.00016512621368747205
2025-03-18 20:00:00,-0.0052398726204357,-0.0001372409169562161,-0.00025401366292499006
2025-03-18 21:00:00,-0.0001037583187684,0.00032357661984860897,-0.00036578363506123424
2025-03-18 22:00:00,0.005466982325428,0.000653100898489356,-1.8973696569446474e-05
2025-03-18 23:00:00,0.0034073716895308,0.0003456393606029451,1.652606988500338e-05
2025-03-19 00:00:00,0.0031508960044701,0.0003499966987874359,8.696842996869236e-06
2025-03-19 01:00:00,-0.0032454134173695,0.0003679374640341848,-0.00031244056299328804
2025-03-19 02:00:00,0.0018138843052959,0.00035571635817177594,-0.0001435949234291911
2025-03-19 03:00:00,0.0023595410694976,0.00041460455395281315,-8.822539530228823e-05
2025-03-19 04:00:00,-0.00116584662015,0.00021383169223554432,-0.00020398410561028868
2025-03-19 05:00:00,0.0033985945481789,0.0003735158243216574,-0.00011296434968244284
2025-03-19 06:00:00,-0.0005807822821983,0.0001880976342363283,1.0967325579258613e-05
2025-03-19 07:00:00,-7.512860843883473e-05,0.0006015192484483123,3.5989898606203496e-05
2025-03-19 08:00:00,0.0028266445220976,0.00020301667973399162,-0.00018460341379977763
2025-03-19 09:00:00,0.0013044002718187,0.00046371232019737363,-0.00013102705997880548
2025-03-19 10:00:00,-0.0004556834728318,0.0003513622214086354,-6.30459762760438e-05
2025-03-19 11:00:00,0.0045523619881049,0.0004933362943120301,-4.4831816921941936e-05
2025-03-19 12:00:00,-0.0011589683114106,0.0003821362042799592,8.101975981844589e-05
2025-03-19 13:00:00,0.0050746211310153,0.0006218393100425601,0.0002444252895656973
2025-03-19 14:00:00,0.0010323470920536,0.000630873953923583,0.0003333131899125874
2025-03-19 15:00:00,0.0052404831844696,0.0007858482422307134,0.00024467497132718563
2025-03-19 16:00:00,-0.0015570242855585,0.0009599539916962385,0.00016633931954856962
2025-03-19 17:00:00,-0.0052149210946272,0.000278537132544443,-0.00015636318130418658
2025-03-19 18:00:00,0.0192503647523527,0.0007488837582059205,0.000383185688406229
2025-03-19 19:00:00,-0.005319858701813,0.00042145195766352117,7.627064769621938e-05
2025-03-19 20:00:00,-9.807113939430678e-05,0.0007403425988741219,0.00036977764102630317
2025-03-19 21:00:00,0.0032447239466231,0.0007546900887973607,0.0004393045383039862
2025-03-19 22:00:00,0.0070760357549846,0.001087712706066668,0.0005558605189435184
2025-03-19 23:00:00,0.0070874093883519,0.0009965936187654734,0.0006770543404854834
2025-03-20 00:00:00,-0.0068369143513189,0.0010285567259415984,0.0006907816859893501
2025-03-20 01:00:00,-0.0040366112475034,0.001104825991205871,0.0007264587329700589
2025-03-20 02:00:00,0.0025991318817624,0.0011247278889641166,0.000514902058057487
2025-03-20 03:00:00,-0.002245440576732,0.0009705984266474843,0.0006050465744920075
2025-03-20 04:00:00,-0.0027302087832934,0.0010815889108926058,0.0007121325470507145
2025-03-20 05:00:00,0.0020496141240229,0.0012149389367550611,0.0008559757261537015
2025-03-20 06:00:00,-0.0002461205297016,0.0012991541298106313,0.0009228283888660371
2025-03-20 07:00:00,0.0003444168552857,0.0012170062400400639,0.0006151138222776353
2025-03-20 08:00:00,0.0050979443490941,0.0010920076165348291,0.0007533915340900421
2025-03-20 09:00:00,-0.0049558204857482,0.0010153488256037235,0.0008283430943265557
2025-03-20 10:00:00,-0.007600886352985,0.0008928531315177679,0.0004899941850453615
2025-03-20 11:00:00,0.0029737765724542,0.0014309026300907135,0.0006238267524167895
2025-03-20 12:00:00,-0.0014788226651629,0.0010893046855926514,0.0006368096801452339
2025-03-20 13:00:00,0.0010473759291238,0.0014907231088727713,0.001138973282650113
2025-03-20 14:00:00,0.0075614978808689,0.0015427006874233484,0.0009205949027091265
2025-03-20 15:00:00,-0.01556961166932,0.0012512424727901816,0.0007418590248562396
2025-03-20 16:00:00,-0.0118793686456116,0.0009377076057717204,0.00046372966608032584
2025-03-20 17:00:00,0.0036428091009941,0.0011271624825894833,0.0006074501434341073
2025-03-20 18:00:00,0.0009048397068696,0.0007952949963510036,0.0004425554652698338
2025-03-20 19:00:00,0.0011109127154076,0.0007718641427345574,0.0004167342558503151
2025-03-20 20:00:00,0.0037021811270889,0.0010574919870123267,0.0005244031199254096
2025-03-20 21:00:00,-0.0022339178853501,0.001111992634832859,0.0005446106079034507
2025-03-20 22:00:00,-0.002532753301044,0.0009090537205338478,0.0003307455044705421
2025-03-20 23:00:00,0.0018357598323375,0.0010048612020909786,0.0003938285226467997
2025-03-21 00:00:00,0.0020903650057524,0.0009806640446186066,0.0003477472346276045
2025-03-21 01:00:00,0.0035325032868243,0.0010405255015939474,0.0005025612190365791
2025-03-21 02:00:00,-0.0010508107960573,0.0011723294155672193,0.00035235437098890543
2025-03-21 03:00:00,-0.002595452668711,0.0007886101957410574,0.00017796097381506115
2025-03-21 04:00:00,0.002724922481212,0.0010392549447715282,0.00038972857873886824
2025-03-21 05:00:00,-0.0033106015206985,0.0007558499928563833,0.00026813679141923785
2025-03-21 06:00:00,-0.0025756969221,0.0005625436315312982,0.00010631207260303199
2025-03-21 07:00:00,-0.00323399315434,0.000593988923355937,0.00022678743698634207
2025-03-21 08:00:00,0.0011256132193655,0.000703820725902915,0.0002763910451903939
2025-03-21 09:00:00,0.0011621205094127,0.0006530080572701991,0.0001384866191074252
2025-03-21 10:00:00,0.0010211927464369,0.0009189493721351027,0.00028180121444165707
2025-03-21 11:00:00,-0.0015323152247019,0.00014795229071751237,-0.00018098927102982998
2025-03-21 12:00:00,-0.0076055543670084,0.0002619069709908217,-4.541605812846683e-05
2025-03-21 13:00:00,0.007341927224745,0.00032993577769957483,1.5785248251631856e-05
2025-03-21 14:00:00,0.0011193273656335,0.00027202273486182094,-2.0343766664154828e-05
2025-03-21 15:00:00,-0.0063582146014484,0.00026034278562292457,-0.00022902822820469737
2025-03-21 16:00:00,0.0052973244668736,0.0002779230126179755,-0.0001659637491684407
2025-03-21 17:00:00,-0.0003423470779965,0.00047008777619339526,-0.00011636254203040153
2025-03-21 18:00:00,0.001646824483082,1.6816426068544388e-05,-0.0005036394577473402
2025-03-21 19:00:00,-0.0016169951587672,0.00028538473998196423,-0.0004953916068188846
2025-03-21 20:00:00,0.0024851944723052,0.00012408045586198568,-0.00028351659420877695
2025-03-21 21:00:00,0.0012563604523936,8.202932076528668e-05,-0.0004260953573975712
2025-03-21 22:00:00,-0.0017325806730269,-4.02261212002486e-05,-0.0005972560029476881
2025-03-21 23:00:00,-0.0012192659242935,-0.0002094751107506454,-0.0008819580543786287
2025-03-22 00:00:00,0.0016209483379772,-0.0002653643023222685,-0.0006239787908270955
2025-03-22 01:00:00,-0.0015369308900834,-0.00023362298088613898,-0.0007234422955662012
2025-03-22 02:00:00,0.0013240182336011,-0.00012070478987880051,-0.0006346299778670073
2025-03-22 03:00:00,0.0008347254707492,1.4737684978172183e-05,-0.0004988216678611934
2025-03-22 04:00:00,0.0013349848201476,-8.708522364031523e-05,-0.00046486419159919024
2025-03-22 05:00:00,-0.0006546070880043,7.199909305199981e-05,-0.0005081755807623267
2025-03-22 06:00:00,6.766325056917211e-06,-6.182689685374498e-05,-0.0005661792820319533
2025-03-22 07:00:00,-0.0005885736080813,-7.73649662733078e-06,-0.0004580660897772759
2025-03-22 08:00:00,-0.00040473195087,-0.00037074944702908397,-0.000662485952489078
2025-03-22 09:00:00,0.0020039745479738,-0.00013919247430749238,-0.00020987568132113665
2025-03-22 10:00:00,0.0003063053720109,0.0001778283913154155,-0.0002265800430905074
2025-03-22 11:00:00,-0.0020964570172622,0.00011249800445511937,-0.0003415063547436148
2025-03-22 12:00:00,-9.99040846577648e-05,6.79440563544631e-06,-0.00023403274826705456
2025-03-22 13:00:00,-0.0008123932035056,-0.00025668228045105934,-0.00032557352096773684
2025-03-22 14:00:00,-0.0017020555951595,8.151179645210505e-05,-0.0005058854585513473
2025-03-22 15:00:00,0.0010783865662888,0.00012663201778195798,-0.00013606282300315797
2025-03-22 16:00:00,0.000479014367551,0.0003234886098653078,3.143359936075285e-05
2025-03-22 17:00:00,0.0013851893294827,0.0003228727728128433,-0.0001273325178772211
2025-03-22 18:00:00,8.280907676505578e-05,0.00022300801356323063,-8.783584053162485e-05
2025-03-22 19:00:00,-0.0009669222285016,0.00021999749878887087,-9.67934902291745e-05
2025-03-22 20:00:00,-0.0019578985451221,0.00027524662436917424,-0.00021853312500752509
2025-03-22 21:00:00,0.0002540636230365,0.00018110877135768533,-0.000167104386491701
2025-03-22 22:00:00,-0.0009338092500296,0.0002824094844982028,-0.00015260608051903546
2025-03-22 23:00:00,-0.0016836188685916,0.00012358956155367196,-0.00023618534032721072
2025-03-23 00:00:00,0.0022143386607962,0.00020148673502262682,-0.0003285652201157063
2025-03-23 01:00:00,0.0006878999825421,0.00015110133972484618,-0.00034604856045916677
2025-03-23 02:00:00,0.0021802295184878,0.00033104035537689924,-0.0001732280506985262
2025-03-23 03:00:00,-0.0003992611674414,0.00024285141262225807,-5.574193346546963e-05
2025-03-23 04:00:00,-0.001303104041144,0.00023762596538290381,-0.0002542611910030246
2025-03-23 05:00:00,0.0015340857255985,0.00036671097041107714,-0.0001677685504546389
2025-03-23 06:00:00,0.0002127900551538,0.00020747518283315003,-2.655166099430062e-05
2025-03-23 07:00:00,0.000449601882541,0.0004086523549631238,3.210303111700341e-05
2025-03-23 08:00:00,0.0005777865408274,0.0004681501304730773,3.057286448893137e-05
2025-03-23 09:00:00,-8.866074470947893e-05,0.0004353639087639749,-2.238975139334798e-05
2025-03-23 10:00:00,0.0015018997966922,0.0003002976009156555,-7.249379996210337e-05
2025-03-23 11:00:00,0.0024950951536037,0.0004947315901517868,3.642494266387075e-05
2025-03-23 12:00:00,0.0006934179831135,0.0005966530297882855,0.00014880666276440024
2025-03-23 13:00:00,0.0034765837573202,0.000441141048213467,0.0002087120956275612
2025-03-23 14:00:00,-0.0007862966036508,0.00047437805915251374,0.0001272318186238408
2025-03-23 15:00:00,0.0025758693639579,0.0006347333546727896,0.00041410521953366697
2025-03-23 16:00:00,0.0012719202123945,0.00043559487676247954,0.0002739957708399743
2025-03-23 17:00:00,-0.0033650013110751,0.0005391968879848719,0.00028731441125273705
2025-03-23 18:00:00,4.504513614578265e-05,0.0005285775987431407,0.00013567533460445702
2025-03-23 19:00:00,0.0003101539665328,0.0004456360184121877,0.0002465834841132164
2025-03-23 20:00:00,0.0014764044543194,0.0005177781567908823,0.00015437466208823025
2025-03-23 21:00:00,0.0002823477680302,0.0005226517096161842,0.00015895746764726937
2025-03-23 22:00:00,0.0025724280879204,0.000607821624726057,0.00022895103029441088
2025-03-23 23:00:00,0.0065773467299512,0.0006943941116333008,0.00042003788985311985
2025-03-24 00:00:00,0.0021542761322221,0.0006951272953301668,0.0004326983180362731
2025-03-24 01:00:00,-0.006664453436448,0.000605098030064255,0.0003138710744678974
2025-03-24 02:00:00,0.0042657671071049,0.0006614907761104405,0.0003206805558875203
2025-03-24 03:00:00,0.0062965931892882,0.0009670319268479943,0.0005257168668322265
2025-03-24 04:00:00,0.0046550582668396,0.0008279985631816089,0.00047911820001900196
2025-03-24 05:00:00,0.0003309763559664,0.0008262048359028995,0.0004971274174749851
2025-03-24 06:00:00,0.0026089030694103,0.000854414189234376,0.0005183130269870162
2025-03-24 07:00:00,-0.0025346784182244,0.0010130333248525858,0.0005051725311204791
2025-03-24 08:00:00,0.0063600355693775,0.0011179328430444002,0.0007168123265728354
2025-03-24 09:00:00,-0.003311477770629,0.0009615070885047317,0.0005368723068386316
2025-03-24 10:00:00,0.0071844553679996,0.001077671186067164,0.0007564200786873698
2025-03-24 11:00:00,-0.0011807546951863,0.0010513307061046362,0.0007103101816028357
2025-03-24 12:00:00,-0.0043412936636357,0.0009208788978867233,0.0006500413292087615
2025-03-24 13:00:00,0.0040709132834262,0.0010530799627304077,0.0007471896824426949
2025-03-24 14:00:00,0.0033161087235904,0.0012868038611486554,0.0009699425427243114
2025-03-24 15:00:00,0.0042603264571416,0.0012719598598778248,0.0008774870075285435
2025-03-24 16:00:00,-0.0036424591145463,0.001239934004843235,0.0008275395957753062
2025-03-24 17:00:00,0.0048491841842184,0.0014122757129371166,0.0008781243814155459
2025-03-24 18:00:00,0.0012328836348678,0.0013322390150278807,0.0009168164106085896
2025-03-24 19:00:00,-0.0033314370922232,0.0012054801918566227,0.0009432692313566804
2025-03-24 20:00:00,-0.0037458415934851,0.001334054977633059,0.0010123938554897904
2025-03-24 21:00:00,0.0027845311094527,0.0013156653149053454,0.0008738343021832407
2025-03-24 22:00:00,-0.008685406234691,0.0011487053707242012,0.0008487259037792683
2025-03-24 23:00:00,0.0007026509787766,0.0012761879479512572,0.000967399391811341
2025-03-25 00:00:00,0.0021309500710555,0.0011028992012143135,0.0009420966962352395
2025-03-25 01:00:00,-0.0064354164701805,0.001282660523429513,0.0007745519978925586
2025-03-25 02:00:00,-0.0023459208145182,0.0010093619348481297,0.0006382017163559794
2025-03-25 03:00:00,-0.0041788437570006,0.00099673040676862,0.0006177659379318357
2025-03-25 04:00:00,0.0001405205183437,0.0009354000212624669,0.0004340403829701245
2025-03-25 05:00:00,0.0025496014690096,0.000879826897289604,0.0005385958356782794
2025-03-25 06:00:00,-0.0017122541229739,0.0008691843831911683,0.00046030068187974393
2025-03-25 07:00:00,-0.0016586224141201,0.0011080848053097725,0.0004502945230342448
2025-03-25 08:00:00,0.003159455869782,0.0011183858150616288,0.0005532256327569485
2025-03-25 09:00:00,0.006022085183029,0.0009483450558036566,0.0006117906887084246
2025-03-25 10:00:00,-0.0012329724172008,0.0010460300836712122,0.0005366423283703625
2025-03-25 11:00:00,0.0031529863174541,0.0012480260338634253,0.0006116300355643034
2025-03-25 12:00:00,-0.0039178744306765,0.0009255035547539592,0.0004974890616722405
2025-03-25 13:00:00,0.0067890343228336,0.001104555674828589,0.0005048026796430349
2025-03-25 14:00:00,0.0032500198074123,0.0011837336933240294,0.00073987030191347
2025-03-25 15:00:00,-0.0007723184851684,0.0010686151217669249,0.000551306817214936
2025-03-25 16:00:00,-0.0006283605018349,0.0011942554265260696,0.0005125413881614804
2025-03-25 17:00:00,0.0019182916635975,0.001013612956739962,0.0005188152426853776
2025-03-25 18:00:00,-0.0014009817793347,0.0010024397633969784,0.0005574787501245737
2025-03-25 19:00:00,0.004606813332258,0.0013889985857531428,0.0006588459946215153
2025-03-25 20:00:00,-0.0045032016532655,0.0009703877149149776,0.000537565560080111
2025-03-25 21:00:00,-0.0010875741211591,0.0011152246734127402,0.000597397331148386
2025-03-25 22:00:00,-0.0026672039998091,0.0009910149965435266,0.00041668929043225944
2025-03-25 23:00:00,-0.0005929981773672,0.0007914474699646235,0.00022400490706786513
2025-03-26 00:00:00,0.0022047262093647,0.000945801381021738,0.0002663155028130859
2025-03-26 01:00:00,0.001924746792846,0.0008968963520601392,0.0004578938242048025
2025-03-26 02:00:00,-0.0054347473286228,0.0006289618904702365,0.000265519687673077
2025-03-26 03:00:00,-0.0024960880434101,0.00043090712279081345,8.981071005109698e-05
2025-03-26 04:00:00,0.001884212662454,0.0003585641388781369,-1.37874303618446e-06
2025-03-26 05:00:00,0.0024394749944196,0.0004163251433055848,0.00010519239003770053
2025-03-26 06:00:00,0.0043305149851775,0.0005373100284487009,8.311222336487845e-05
2025-03-26 07:00:00,0.0029184603055807,0.0006446265615522861,0.00017962920537684113
2025-03-26 08:00:00,-0.0024346900895938,0.00045428084558807313,7.161279791034758e-05
2025-03-26 09:00:00,-0.0005625054292033,0.0006526022916659713,-4.5017965021543205e-05
2025-03-26 10:00:00,0.0038606586697298,0.000375453062588349,-0.00011333686416037381
2025-03-26 11:00:00,-0.0026065749465326,0.00023491831962019205,-5.5352080380544066e-05
2025-03-26 12:00:00,-0.0024791804671361,0.00043818209087476134,6.738678348483518e-05
2025-03-26 13:00:00,-0.010520904778057,0.00018977191939484328,-0.00028096011374145746
2025-03-26 14:00:00,-0.001186235140024,-5.448469892144203e-06,-0.0004197105881758034
2025-03-26 15:00:00,-0.000548669723515,-0.00015863854787312448,-0.0004261019639670849
2025-03-26 16:00:00,-0.0026061255210224,-0.0001584898418514058,-0.0005600701551884413
2025-03-26 17:00:00,0.0003157560080349,-0.00011972780339419842,-0.0005761163192801178
2025-03-26 18:00:00,-0.0036042247386445,-8.525417069904506e-05,-0.0007465504459105432
2025-03-26 19:00:00,0.005065145697245,-1.548582804389298e-05,-0.0005395617336034775
2025-03-26 20:00:00,0.005986937165425,-7.23646953701973e-05,0.00014391279546543956
2025-03-26 21:00:00,0.0001852529509396,0.00019094671006314456,-0.00017059095262084156
2025-03-26 22:00:00,-0.0038997170554555,1.274090027436614e-05,-0.0001428861141903326
2025-03-26 23:00:00,0.0007215553714809,0.00016169153968803585,-0.0002477791567798704
2025-03-27 00:00:00,0.0039859640417339,0.000202282884856686,-0.000285257410723716
2025-03-27 01:00:00,0.0015115556739029,0.00041795941069722176,5.886804865440354e-05
2025-03-27 02:00:00,0.0024396746218411,0.0004263547598384321,0.00013928645057603717
2025-03-27 03:00:00,0.0010596820757569,0.0005670940154232085,0.0001700172433629632
2025-03-27 04:00:00,-0.0021044699808342,0.0005949938204139471,5.034230707678944e-05
2025-03-27 05:00:00,-0.0022303252273423,0.0005531201022677124,-4.235496453475207e-05
2025-03-27 06:00:00,0.0001468315128523,0.0001951176964212209,5.77193422941491e-05
2025-03-27 07:00:00,0.0011448671624865,0.0004775680718012154,9.624850645195693e-05
2025-03-27 08:00:00,0.0001966844594165,0.00043866477790288627,0.00010826146899489686
2025-03-27 09:00:00,0.0005658145111184,0.00042758003110066056,-1.8328231817577034e-05
2025-03-27 10:00:00,-0.0031546434263558,0.0004209497419651598,-5.385034091887064e-05
2025-03-27 11:00:00,-0.0028082937960274,0.00015606533270329237,-0.00023260762100107968
2025-03-27 12:00:00,-0.0024380259831534,0.0003152323770336807,-0.00011465653369668871
2025-03-27 13:00:00,-0.0037135669278589,-8.796928159426898e-05,-0.00029713797266595066
2025-03-27 14:00:00,0.0095820800930153,0.00019538163905963302,-0.00020636070985347033
2025-03-27 15:00:00,-0.0033900620608662,7.522525265812874e-05,-0.00028807722264900804
2025-03-27 16:00:00,-0.0017990259730051,-4.905831883661449e-05,-0.00024851388297975063
2025-03-27 17:00:00,0.0014874765436045,-1.577220973558724e-05,-0.00035807417589239776
2025-03-27 18:00:00,0.0035226236600223,0.00018489602371118963,-0.00023573316866531968
2025-03-27 19:00:00,-0.0011221508476259,-0.00016153456817846745,-0.0003558759344741702
2025-03-27 20:00:00,0.0017914343370379,9.700069495011121e-05,-0.00018109739175997674
2025-03-27 21:00:00,0.0022200764168021,9.294034680351615e-05,-0.00011879944941028953
2025-03-27 22:00:00,-0.0016561457793996,6.637814658461139e-05,2.7225287340115756e-06
